National Park,Best Time to Visit,Reason
Acadia,"9, 10","Fall foliage, cooler temperatures, fewer crowds."
American Samoa,"6, 7, 8, 9","Dry season, ideal for snorkeling and beach activities."
Arches,"4, 5, 9, 10","Mild temperatures for hiking, fewer crowds."
Badlands,"5, 6, 9","Cooler weather, wildflowers in spring, beautiful fall scenery."
Big Bend,"3, 4, 10, 11","Comfortable temperatures, spring wildflowers, pleasant fall weather."
Biscayne,"1, 2, 3, 4, 12",Dry season with lower humidity and fewer mosquitoes; ideal for snorkeling.
Black Canyon of the Gunnison,"5, 6, 9","Mild weather, less rain, good for stargazing."
Bryce Canyon,"4, 5, 9, 10","Cooler temperatures, fewer crowds."
Canyonlands,"4, 5, 9, 10",Manageable temperatures for hiking and exploring.
Capitol Reef,"5, 6, 9",Mild weather and colorful landscapes.
Carlsbad Caverns,"1, 2, 3, 4, 10, 11, 12","Cooler temperatures and fewer crowds, pleasant for cave exploration."
Channel Islands,"3, 4, 5, 9, 10, 11","Wildflowers in spring, clear skies and warmer ocean in fall."
Congaree,"3, 4, 5, 10, 11","Fewer bugs, mild temperatures, fall foliage, and spring wildflowers."
Crater Lake,"7, 8, 9","Trails are accessible, and clear water views."
Cuyahoga Valley,"9, 10","Vibrant fall colors, pleasant weather, and fewer crowds."
Death Valley,"1, 2, 3, 11, 12","Cooler temperatures for hiking, clear skies for stargazing."
Denali,"6, 7, 8, 9","Best wildlife viewing, open park access, and extended daylight hours."
Dry Tortugas,"1, 2, 3, 4, 12","Dry season with calm waters, ideal for snorkeling and beach activities."
Everglades,"1, 2, 3, 4, 12",Dry season reduces humidity and mosquitoes; better wildlife spotting.
Gates of the Arctic,"7, 8",Summer brings the most accessible weather in this remote park.
Gateway Arch,"4, 5, 6, 9, 10","Pleasant weather, fewer crowds."
Glacier,"7, 8, 9","Trails and roads are accessible, with ideal hiking weather."
Glacier Bay,"6, 7, 8","Peak whale watching, glacier calving, and long daylight hours."
Grand Canyon,"3, 4, 5, 9, 10, 11","Avoid summer heat, with fewer crowds and pleasant weather."
Grand Teton,"6, 7, 8, 9","Great for hiking, boating, and wildlife viewing with snow-free trails."
Great Basin,"6, 7, 8, 9","Warm temperatures, snow-free trails in the high desert."
Great Sand Dunes,"5, 6, 7, 8, 9","Comfortable temperatures for sand activities, with summer thunderstorms."
Great Smoky Mountains,"4, 5, 9, 10","Spring wildflowers, fall foliage, and comfortable weather."
Guadalupe Mountains,"10, 11",Fall colors and cooler temperatures make hiking enjoyable.
Haleakalā,"3, 4, 5, 9, 10, 11","Clear skies, mild temperatures, ideal for sunrise and sunset."
Hawaiʻi Volcanoes,"4, 5, 6, 7, 8, 9, 10",Best for volcanic activity and hiking in mild weather.
Hot Springs,"3, 4, 5, 9, 10, 11",Pleasant temperatures for exploring bathhouses and trails.
Indiana Dunes,"5, 6, 7, 8, 9","Warm weather for beach activities, fewer bugs."
Isle Royale,"6, 7, 8, 9","Mild weather, ferry service, fewer bugs."
Joshua Tree,"3, 4, 10, 11","Cooler temperatures, fewer crowds, and spring wildflowers."
Katmai,"7, 8, 9","Best bear viewing, salmon runs, and mild weather."
Kenai Fjords,"6, 7, 8","Ideal for glacier tours, kayaking, and wildlife viewing."
Kings Canyon,"7, 8, 9","Snow-free trails, mild temperatures, scenic views."
Kobuk Valley,"6, 7, 8",Most accessible weather for summer activities.
Lake Clark,"6, 7, 8","Ideal for bear and salmon viewing, warm weather."
Lassen Volcanic,"7, 8, 9","Open trails, wildflowers, and geothermal features accessible."
Mammoth Cave,"4, 5, 9, 10","Cooler weather, fewer crowds, stable cave temperatures year-round."
Mesa Verde,"5, 6, 7, 8, 9","Best access to ancient dwellings, mild temperatures, full facilities."
Mount Rainier,"7, 8","Snow-free trails, wildflowers, and open facilities."
New River Gorge,"9, 10","Fall foliage, comfortable weather, rock climbing."
North Cascades,"7, 8, 9","Snow-free trails, mild weather, and wildflowers."
Olympic,"7, 8, 9","Ideal for hiking, beachcombing, and mountain views."
Petrified Forest,"3, 4, 5, 10, 11","Cooler weather, scenic desert landscapes."
Pinnacles,"3, 4, 5, 9, 10, 11","Mild weather for hiking, birdwatching, and caving."
Redwood,"5, 6, 7, 8, 9","Least rain, with full trail access and scenic views."
Rocky Mountain,"6, 7, 8, 9","Snow-free trails, wildflowers, wildlife viewing."
Saguaro,"3, 4, 10, 11","Mild weather, spring cactus blooms, fewer crowds."
Sequoia,"7, 8, 9","Full trail access, pleasant temperatures for hiking."
Shenandoah,"4, 5, 9, 10","Spring wildflowers, fall foliage, comfortable temperatures."
Theodore Roosevelt,"6, 7, 8, 9","Warm weather, full trail access, excellent wildlife viewing."
Virgin Islands,"1, 2, 3, 4, 12","Dry season, calm waters for snorkeling, warm temperatures."
Voyageurs,"6, 7, 8, 9","Warm weather, fewer mosquitoes, excellent for boating."
White Sands,"1, 2, 3, 10, 11, 12",Cooler temperatures for exploring the dunes.
Wind Cave,"9, 10","Fall colors, cool weather, fewer crowds for cave tours."
Wrangell–St. Elias,"7, 8","Most accessible time for hiking, with long daylight hours."
Yellowstone,"5, 6, 9, 10","Fewer crowds, wildlife activity, and open trails."
Yosemite,"5, 6, 9","Waterfalls, hiking, manageable crowds."
Zion,"3, 4, 5, 9, 10, 11","Comfortable hiking temperatures, fewer crowds."
